user_id,first_name,last_name,email,password,login_time,age,location,logout_time,feedback
1001,Mannat,Wason,tirtha21,2107,05-08-2025 22:42,,,,
1002,Vidur,Dayal,sai,sai1,05-08-2025 22:48,,,,
1003,Lakshay,Sura,siddhi,123,05-08-2025 22:49,,,,
1004,Alia,Bhatt,siddhii,1234,08-08-2025 19:50,,,,
1005,Tirtha,Kadam,tirtha@2107,tirtha,16-08-2025 15:44,,,,
1006,Rohit,Sharma,rohit@45,rohit45,17-08-2025 17:47,,,,
1007,Rajat,Prajapati,rajat@gmail.com,rajat,23-08-2025 17:51,,,,
1008,Srushti,Ghatage,sru@gmail.com,srushti,23-08-2025 18:07,,,,
1009,Kiara,Adwani,kiara@gmail.com,12,23-08-2025 23:33,,,,
1010,Raj,Kapoor,raj@gmail.com,1234,23-08-2025 23:34,,,,
1011,Pranali,Godse,pranali@gmail.com,pranali,24-08-2025 11:18,,,,
1012,piyush,sahani,piyu@gmail.com,123456,24-08-2025 12:37,,,,
1013,Anvi,Kadam,anvi@gmail.com,anvi123,09-09-2025 20:06,,,,
